rollRate,pitchRate,pitch,roll,velocityX,velocityY,velocityZ,deltaAltitude,deltaHeading,yawRate,pcAll,Latitude,Longitude,Altitude,Heading,isReward,isPenalize,time,isExcept,isTry,Reward
1.8309091329574585,-0.4598740041255951,12.08306884765625,-1.0119296312332153,7.927731990814209,13.045831680297852,-106.5486068725586,4.8017578125,0.31585168838500977,0.736363410949707,0.30257126298965886,47.47742462158203,-122.30750274658203,1035.8017578125,4.31585168838501,True,False,1709535115.3749382,False,True,7.056706530228496e-08
5.880174160003662,2.133535385131836,12.2273530960083,0.13249874114990234,7.8066582679748535,12.417378425598145,-106.06201934814453,8.4488525390625,0.7040996551513672,1.8365877866744995,0.30141518905293196,47.477699279785156,-122.3074722290039,1039.4488525390625,4.704099655151367,True,False,1709535115.6765203,False,True,2.3794753467587526e-07
7.981669902801514,7.555302143096924,13.819706916809082,2.7011992931365967,7.735592842102051,11.899192810058594,-105.48741912841797,12.2916259765625,1.5916600227355957,3.2495529651641846,0.30633077601669356,47.478004455566406,-122.30744171142578,1043.2916259765625,5.591660022735596,True,False,1709535115.9830322,False,True,1.1244096890239419e-06
7.503760814666748,8.216239929199219,16.312057495117188,5.419919490814209,7.909031391143799,12.320144653320312,-104.77095794677734,15.9537353515625,2.9699110984802246,4.185044765472412,0.30116800201358274,47.478294372558594,-122.30741119384766,1046.9537353515625,6.969911098480225,False,True,1709535116.2844,False,True,-3.886697784172277e-06
6.248562335968018,3.6528587341308594,17.96468734741211,7.970692157745361,8.391532897949219,13.40491771697998,-103.85126495361328,19.73486328125,4.529879570007324,4.406681060791016,0.30095626396359876,47.47856903076172,-122.30738067626953,1050.73486328125,8.529879570007324,False,True,1709535116.585469,False,True,-9.010240849871565e-06
2.3141331672668457,1.6286919116973877,18.387907028198242,9.783902168273926,9.075052261352539,14.301111221313477,-102.86249542236328,23.9664306640625,6.000536918640137,4.181424140930176,0.30671258398797363,47.47885513305664,-122.3073501586914,1054.9664306640625,10.000536918640137,False,True,1709535116.8923175,False,True,-1.5706504979173808e-05
-0.37035876512527466,0.37165555357933044,18.534381866455078,10.414841651916504,9.879165649414062,15.042762756347656,-101.86492156982422,28.3809814453125,7.30192756652832,3.6688170433044434,0.30110031401272863,47.47913360595703,-122.30731201171875,1059.3809814453125,11.30192756652832,False,True,1709535117.193597,False,True,-2.306990130829245e-05
0.1593015044927597,1.076060175895691,18.465517044067383,10.594700813293457,10.812922477722168,15.592095375061035,-100.85877227783203,33.1510009765625,8.352367401123047,2.5557007789611816,0.3072663930361159,47.47941589355469,-122.30726623535156,1064.1510009765625,12.352367401123047,False,True,1709535117.500982,False,True,-2.9886301990411646e-05
3.9630513191223145,1.3290660381317139,18.809728622436523,11.403707504272461,11.70144271850586,16.102262496948242,-99.87545013427734,37.875,9.096418380737305,1.8610241413116455,0.30141312000341713,47.47968673706055,-122.3072280883789,1068.875,13.096418380737305,False,True,1709535117.8025017,False,True,-3.507608974007148e-05
7.442538261413574,0.9651102423667908,19.015003204345703,13.343985557556152,12.63992691040039,16.56959342956543,-98.865234375,42.75341796875,9.659494400024414,1.1375466585159302,0.3012079580221325,47.47995376586914,-122.30718231201172,1073.75341796875,13.659494400024414,False,True,1709535118.1038163,False,True,-3.910957231145762e-05
7.7742438316345215,0.5812444686889648,19.180124282836914,15.8380126953125,13.64332389831543,16.933631896972656,-97.85243225097656,47.7633056640625,9.926033973693848,0.3555104434490204,0.3012666550348513,47.480220794677734,-122.30712890625,1078.7633056640625,13.926033973693848,False,True,1709535118.4052076,False,True,-4.078902541271301e-05
7.824459552764893,-1.5603022575378418,19.099098205566406,18.07332420349121,14.74465274810791,17.27631187438965,-96.79328918457031,52.8740234375,9.869291305541992,-0.6378631591796875,0.30117715999949723,47.4804801940918,-122.30707550048828,1083.8740234375,13.869291305541992,False,True,1709535118.7065122,False,True,-3.977335413651861e-05
7.344222068786621,-3.9445416927337646,18.388023376464844,20.23842430114746,15.83206844329834,17.421417236328125,-95.76220703125,58.1239013671875,9.218253135681152,-1.395405888557434,0.301021502004005,47.480743408203125,-122.30701446533203,1089.1239013671875,13.218253135681152,False,True,1709535119.0076725,False,True,-3.4112348526682545e-05
7.502487659454346,-6.194018363952637,17.102556228637695,22.118505477905273,16.823278427124023,17.193307876586914,-94.83598327636719,63.379638671875,8.145000457763672,-1.9563106298446655,0.3009039129829034,47.48100662231445,-122.30694580078125,1094.379638671875,12.145000457763672,False,True,1709535119.308684,False,True,-2.6075057920182942e-05
5.602041244506836,-7.554265022277832,15.445569038391113,23.76766014099121,17.61484146118164,16.48029899597168,-94.11698150634766,68.406494140625,6.645637512207031,-2.423218011856079,0.3010000479989685,47.481258392333984,-122.30687713623047,1099.406494140625,10.645637512207031,False,True,1709535119.609799,False,True,-1.6867133819764568e-05
3.510183334350586,-9.219070434570312,13.394665718078613,24.624217987060547,18.089460372924805,15.333094596862793,-93.57968139648438,73.21875,4.922496795654297,-1.7684006690979004,0.30229319498175755,47.48151779174805,-122.30680847167969,1104.21875,8.922496795654297,False,True,1709535119.912218,False,True,-8.851426052225442e-06
1.088356614112854,-8.213984489440918,11.049474716186523,25.094131469726562,18.10906410217285,13.670125007629395,-93.2844009399414,77.5020751953125,3.5486254692077637,0.3246496915817261,0.30101422098232433,47.48176574707031,-122.3067398071289,1108.5020751953125,7.548625469207764,False,True,1709535120.2133567,False,True,-4.32166638053566e-06
-2.805723190307617,-5.775661468505859,8.929647445678711,24.673519134521484,17.985408782958984,11.480892181396484,-93.1195068359375,81.388427734375,2.994767665863037,1.9368327856063843,0.3100335909985006,47.482025146484375,-122.3066635131836,1112.388427734375,6.994767665863037,False,True,1709535120.523512,False,True,-2.929280263241907e-06
-3.7390072345733643,-3.174067974090576,7.369884490966797,23.585657119750977,17.836565017700195,9.159053802490234,-93.01179504394531,84.529052734375,3.1566505432128906,3.3272366523742676,0.3055320169660263,47.48228454589844,-122.30659484863281,1115.529052734375,7.156650543212891,False,True,1709535120.8292344,False,True,-3.2442323671943996e-06
-3.6890647411346436,-3.0615429878234863,6.09782600402832,22.568710327148438,17.81383514404297,7.058547496795654,-92.88461303710938,86.927734375,3.938724994659424,4.470370769500732,0.3009774009697139,47.48253631591797,-122.30652618408203,1117.927734375,7.938724994659424,False,True,1709535121.130333,False,True,-5.218289950370547e-06
-5.4983978271484375,-1.4946775436401367,4.79943323135376,21.36384391784668,17.82351303100586,4.89625358581543,-92.7762680053711,88.712646484375,5.023141860961914,5.489065647125244,0.30207174498355016,47.4827880859375,-122.30644989013672,1119.712646484375,9.023141860961914,False,True,1709535121.4325244,False,True,-8.759570789051985e-06
-9.2302827835083,-0.6153775453567505,4.0029296875,19.25246238708496,17.95699691772461,2.8907299041748047,-92.63091278076172,89.836181640625,6.636689186096191,6.141070365905762,0.30102353799156845,47.48303985595703,-122.30638122558594,1120.836181640625,10.636689186096191,False,True,1709535121.733655,False,True,-1.5765210353180237e-05
-10.251930236816406,-3.0366649627685547,2.8964524269104004,16.29168128967285,18.29249382019043,1.2197774648666382,-92.45490264892578,90.421875,8.288485527038574,6.572140693664551,0.3026960120187141,47.48329162597656,-122.30631256103516,1121.421875,12.288485527038574,False,True,1709535122.0364814,False,True,-2.507694160858165e-05
-7.350699424743652,-5.562076568603516,1.1019102334976196,13.653422355651855,18.71031379699707,-0.40914344787597656,-92.3125,90.513671875,9.916011810302734,6.784763813018799,0.30098633497254923,47.48353958129883,-122.30623626708984,1121.513671875,13.916011810302734,False,True,1709535122.337579,False,True,-3.6391675344304986e-05
-1.5032742023468018,-5.3254876136779785,-1.1745829582214355,12.163779258728027,19.277183532714844,-2.532244920730591,-92.1856460571289,90.019287109375,11.491894721984863,5.73499059677124,0.30699544603703544,47.48380661010742,-122.30615997314453,1121.019287109375,15.491894721984863,False,True,1709535122.6447601,False,True,-4.941969290461756e-05
3.0417449474334717,-4.017960548400879,-2.8358635902404785,12.48814868927002,19.89358139038086,-4.722668170928955,-92.05237579345703,88.8948974609375,12.629365921020508,4.0357489585876465,0.30134049098705873,47.48405456542969,-122.30608367919922,1119.8948974609375,16.629365921020508,False,True,1709535122.9462178,False,True,-6.017995366625062e-05
2.9974493980407715,-2.9777536392211914,-4.112093448638916,13.482203483581543,20.50335693359375,-6.961591720581055,-91.94458770751953,87.05712890625,13.397798538208008,2.7640364170074463,0.3062056199996732,47.484310150146484,-122.30599975585938,1118.05712890625,17.397798538208008,False,True,1709535123.252527,False,True,-6.82372200486725e-05
2.7285256385803223,-1.3047446012496948,-4.891551971435547,14.20743465423584,21.05307960510254,-9.055270195007324,-91.890869140625,84.6458740234375,13.947809219360352,2.3234121799468994,0.30102372501278296,47.484554290771484,-122.30592346191406,1115.6458740234375,17.94780921936035,False,True,1709535123.5536697,False,True,-7.452504079807909e-05
6.138706684112549,0.5978632569313049,-5.143713474273682,15.4402494430542,21.72382164001465,-11.06151294708252,-91.82628631591797,81.4779052734375,14.583602905273438,1.8091360330581665,0.3013441790244542,47.48480987548828,-122.30583190917969,1112.4779052734375,18.583602905273438,False,True,1709535123.855141,False,True,-8.224846633797522e-05
11.641156196594238,3.7612926959991455,-4.665587425231934,18.13156509399414,22.5726375579834,-12.856633186340332,-91.66433715820312,77.7952880859375,15.066307067871094,0.17760050296783447,0.3010028050048277,47.48506164550781,-122.30574798583984,1108.7952880859375,19.066307067871094,False,True,1709535124.1562443,False,True,-8.866088224035451e-05
13.897415161132812,5.489490509033203,-3.1697165966033936,22.07509994506836,23.58860206604004,-14.099610328674316,-91.52313232421875,73.6953125,15.420616149902344,-1.1858766078948975,0.3050644510076381,47.48530960083008,-122.30565643310547,1104.6953125,19.420616149902344,False,True,1709535124.4614284,False,True,-9.385300949615871e-05
11.826175689697266,2.3284873962402344,-1.7713614702224731,26.067127227783203,24.95992088317871,-14.645037651062012,-91.3503646850586,69.2825927734375,15.434669494628906,-2.528855800628662,0.301633857015986,47.485557556152344,-122.30555725097656,1100.2825927734375,19.434669494628906,False,True,1709535124.7631698,False,True,-9.499687122582756e-05
6.21854305267334,-1.3432185649871826,-1.2177495956420898,28.953027725219727,26.435882568359375,-15.034514427185059,-91.13493347167969,64.57568359375,14.598978042602539,-3.5086748600006104,0.30568536202190444,47.485816955566406,-122.30545806884766,1095.57568359375,18.59897804260254,False,True,1709535125.0689564,False,True,-8.576903690782345e-05
-0.5948486924171448,-1.815821886062622,-1.235777735710144,29.812885284423828,27.52446937561035,-15.542328834533691,-91.00720977783203,60.0150146484375,13.444154739379883,-2.968681573867798,0.3019973150221631,47.48605728149414,-122.30535125732422,1091.0150146484375,17.444154739379883,False,True,1709535125.3710635,False,True,-7.332853444130816e-05
-5.155017852783203,-2.35478138923645,-1.334585428237915,28.757081985473633,28.53530502319336,-16.129444122314453,-90.93035888671875,54.9317626953125,12.494739532470703,-2.0695204734802246,0.30521053599659353,47.48632049560547,-122.30522918701172,1085.9317626953125,16.494739532470703,False,True,1709535125.6763906,False,True,-6.397097427546239e-05
-6.03597354888916,-3.4707512855529785,-1.9072529077529907,27.09476661682129,29.28662109375,-16.689403533935547,-90.93675994873047,50.042236328125,11.695510864257812,-0.7020513415336609,0.3016054719919339,47.4865608215332,-122.30512237548828,1081.042236328125,15.695510864257812,False,True,1709535125.9781525,False,True,-5.661387701527687e-05
-8.639130592346191,-1.955276608467102,-2.8186779022216797,24.918170928955078,29.744564056396484,-17.469406127929688,-91.03157043457031,44.7589111328125,11.410213470458984,1.5959445238113403,0.30130041402298957,47.486812591552734,-122.30500030517578,1075.7589111328125,15.410213470458984,False,True,1709535126.2795608,False,True,-5.457040088774345e-05
-9.726452827453613,-0.987982988357544,-3.412142753601074,21.970401763916016,30.216257095336914,-18.249326705932617,-91.15713500976562,39.3072509765625,11.969658851623535,3.0932424068450928,0.3013499319786206,47.487060546875,-122.30488586425781,1070.3072509765625,15.969658851623535,False,True,1709535126.5810223,False,True,-6.0967527829136614e-05
-8.540891647338867,-2.89707612991333,-4.313411712646484,19.102096557617188,30.88227653503418,-18.888479232788086,-91.27425384521484,33.5499267578125,12.69676399230957,3.1044881343841553,0.3033088549855165,47.48731231689453,-122.30475616455078,1064.5499267578125,16.69676399230957,False,True,1709535126.8844388,False,True,-6.968807691343226e-05
-7.578026294708252,-5.435898780822754,-5.7833099365234375,16.66060447692871,31.469070434570312,-19.55347442626953,-91.41023254394531,27.741943359375,13.157926559448242,3.0008933544158936,0.3012470880057663,47.4875602722168,-122.30463409423828,1058.741943359375,17.157926559448242,False,True,1709535127.1858323,False,True,-7.597914815926643e-05
-8.38531494140625,-6.936153888702393,-7.867842197418213,14.26430606842041,31.934629440307617,-20.558019638061523,-91.5635757446289,21.616943359375,13.519411087036133,2.663686752319336,0.30324120103614405,47.48780822753906,-122.30451202392578,1052.616943359375,17.519411087036133,False,True,1709535127.4892285,False,True,-8.14680547615021e-05
-8.466383934020996,-5.370819568634033,-9.992077827453613,11.519746780395508,32.26400375366211,-22.104822158813477,-91.73931121826172,15.0103759765625,13.762657165527344,2.0963006019592285,0.3077834820142016,47.48806381225586,-122.30438232421875,1046.0103759765625,17.762657165527344,False,True,1709535127.79712,False,True,-8.58331480977359e-05
-4.929921627044678,0.12472083419561386,-10.934982299804688,9.41923713684082,32.517601013183594,-24.00598907470703,-91.89476013183594,8.05126953125,14.106691360473633,1.2269337177276611,0.30138456902932376,47.488311767578125,-122.30425262451172,1039.05126953125,18.106691360473633,False,True,1709535128.0986142,False,True,-9.175750278112016e-05
-4.251528263092041,3.706420421600342,-10.209033012390137,8.073439598083496,32.76373291015625,-25.53374671936035,-92.17073822021484,0.3592529296875,14.541854858398438,1.0746498107910156,0.30660671403165907,47.488563537597656,-122.30412292480469,1031.3592529296875,18.541854858398438,False,True,1709535128.40536,False,True,-9.938242471652092e-05
-4.332148551940918,6.096330165863037,-8.87490177154541,6.589413642883301,32.98832321166992,-26.45782470703125,-92.56898498535156,7.607421875,15.190977096557617,2.013601779937744,0.3038233519764617,47.48881912231445,-122.30399322509766,1023.392578125,19.190977096557617,False,True,1709535128.7092915,False,True,-0.00011059183928530114
-5.718977928161621,7.125138282775879,-6.8418779373168945,5.034714698791504,33.27493667602539,-26.693628311157227,-93.05534362792969,15.634765625,16.191312789916992,3.2267837524414062,0.30142321897437796,47.48906707763672,-122.30386352539062,1015.365234375,20.191312789916992,False,True,1709535129.010823,False,True,-0.0001280816086879355
-7.3837175369262695,3.8459904193878174,-5.2600321769714355,2.8886423110961914,33.657039642333984,-26.15758514404297,-93.62458038330078,23.6146240234375,17.468040466308594,4.405600070953369,0.3014176069991663,47.48931884765625,-122.30372619628906,1007.3853759765625,21.468040466308594,False,True,1709535129.3123515,False,True,-0.00015188824817247149
-5.3427348136901855,2.890289068222046,-4.380784034729004,0.6791157722473145,34.13881301879883,-25.5145206451416,-94.2036361694336,31.5714111328125,18.966690063476562,4.930906295776367,0.30508517601992935,47.48957824707031,-122.3035888671875,999.4285888671875,22.966690063476562,False,True,1709535129.6175883,False,True,-0.00018235376513597856
-1.364036202430725,1.3697820901870728,-3.6832096576690674,-0.45447516441345215,34.82360076904297,-24.68266487121582,-94.71278381347656,39.5357666015625,20.39461898803711,3.8319759368896484,0.3019030529540032,47.48984909057617,-122.30345153808594,991.4642333984375,24.39461898803711,False,True,1709535129.91965,False,True,-0.00021468021168191687
0.5398827791213989,0.5107918977737427,-3.4033267498016357,-0.5687115788459778,35.53898620605469,-23.895084381103516,-95.1433334350586,47.200439453125,21.356718063354492,2.5473110675811768,0.3013077520299703,47.490116119384766,-122.30330657958984,983.799560546875,25.356718063354492,False,True,1709535130.2210846,False,True,-0.0002395808906570096
1.2629425525665283,-0.7673908472061157,-3.4392614364624023,-0.33241114020347595,36.256160736083984,-23.170543670654297,-95.4910888671875,54.30096435546875,21.941905975341797,1.1832915544509888,0.301509753044229,47.49037170410156,-122.30316162109375,976.6990356445312,25.941905975341797,False,True,1709535130.5227034,False,True,-0.0002570926943866736
3.493464946746826,0.7655016779899597,-3.552685022354126,0.32036009430885315,36.96745300292969,-22.67650604248047,-95.8232192993164,61.39306640625,22.12342643737793,0.2611575424671173,0.3060131500242278,47.490638732910156,-122.30301666259766,969.60693359375,26.12342643737793,False,True,1709535130.8288252,False,True,-0.00026580856741431624
8.123581886291504,1.0764068365097046,-3.139615297317505,2.060839891433716,37.71046829223633,-22.106088638305664,-96.09758758544922,68.1641845703125,22.087100982666016,-0.746087372303009,0.3009262470295653,47.49089813232422,-122.30287170410156,962.8358154296875,26.087100982666016,False,True,1709535131.1298625,False,True,-0.0002693158026831899
9.747623443603516,-3.3278133869171143,-3.390934467315674,4.948863983154297,38.52371597290039,-21.234411239624023,-96.34114074707031,74.86376953125,21.654457092285156,-1.6359632015228271,0.3009993360028602,47.49116134643555,-122.3027114868164,956.13623046875,25.654457092285156,False,True,1709535131.4309928,False,True,-0.00026325980730479426
9.810961723327637,-4.9850640296936035,-4.795876979827881,8.02353286743164,39.22045135498047,-20.848615646362305,-96.56729888916016,81.36834716796875,21.04250717163086,-1.191255807876587,0.3059536399669014,47.49142837524414,-122.30255889892578,949.6316528320312,25.04250717163086,False,True,1709535131.7370667,False,True,-0.0002528049912298158
7.115940093994141,-0.9889248013496399,-5.695021152496338,10.660799026489258,39.790931701660156,-21.204038619995117,-96.732177734375,87.62353515625,20.649316787719727,-0.4705093502998352,0.30107921501621604,47.4916877746582,-122.30240631103516,943.37646484375,24.649316787719727,False,True,1709535132.0382621,False,True,-0.0002473985072225515
5.590480804443359,4.904806137084961,-5.040676593780518,12.488359451293945,40.49259567260742,-21.71401596069336,-96.82049560546875,94.44915771484375,20.674184799194336,-0.4931487441062927,0.3024072379921563,47.49196243286133,-122.30223846435547,936.5508422851562,24.674184799194336,False,True,1709535132.3407874,False,True,-0.00025224463091322313
6.724716663360596,8.258403778076172,-2.9621572494506836,14.379838943481445,41.4052619934082,-21.649005889892578,-96.86675262451172,101.13037109375,20.91918182373047,-1.0811063051223755,0.3038312030257657,47.492225646972656,-122.30207061767578,929.86962890625,24.91918182373047,False,True,1709535132.6447265,False,True,-0.000262508192021893
5.096977710723877,7.3481764793396,-0.47894400358200073,16.203201293945312,42.48548126220703,-20.749868392944336,-96.91178894042969,107.52581787109375,21.246166229248047,-0.998681366443634,0.3009535849560052,47.492488861083984,-122.30191040039062,923.4741821289062,25.246166229248047,False,True,1709535132.945799,False,True,-0.00027500864088847443
3.8830926418304443,5.147861957550049,1.3899627923965454,17.556886672973633,43.72359085083008,-19.404895782470703,-96.86644744873047,113.7578125,21.551525115966797,-0.7745712995529175,0.30654967797454447,47.49275588989258,-122.3017349243164,917.2421875,25.551525115966797,False,True,1709535133.2524676,False,True,-0.00028729584610931447
3.346937894821167,5.791927814483643,2.8848140239715576,18.627792358398438,44.88256072998047,-18.155405044555664,-96.75431060791016,119.3131103515625,21.84205436706543,-0.4646889567375183,0.30107504001352936,47.493011474609375,-122.30155944824219,911.6868896484375,25.84205436706543,False,True,1709535133.5536594,False,True,-0.00029911187119180394
0.6233293414115906,5.237112998962402,4.764796257019043,19.387691497802734,46.26252365112305,-16.5799617767334,-96.51812744140625,124.94683837890625,22.3255672454834,-0.702351987361908,0.30656605603871867,47.493289947509766,-122.3013687133789,906.0531616210938,26.3255672454834,False,True,1709535133.8603673,False,True,-0.0003167099634845405
-4.718472003936768,1.6011251211166382,5.798599720001221,18.808744430541992,47.59040069580078,-14.874635696411133,-96.15493774414062,129.63916015625,22.32518196105957,-1.6299843788146973,0.3011690099956468,47.49354553222656,-122.30118560791016,901.36083984375,26.32518196105957,False,True,1709535134.16168,False,True,-0.0003205136532564712
-11.859489440917969,-3.830016851425171,5.711176872253418,16.112783432006836,48.73775100708008,-12.971667289733887,-95.77559661865234,134.07269287109375,21.66085433959961,-1.99723219871521,0.3033385470043868,47.49382019042969,-122.30098724365234,896.9273071289062,25.66085433959961,False,True,1709535134.4651427,False,True,-0.00030560805439494576
-17.138492584228516,-6.584781169891357,4.135185241699219,11.614931106567383,49.35638427734375,-11.541971206665039,-95.62554931640625,137.77410888671875,20.747812271118164,-1.3872426748275757,0.300899506022688,47.494075775146484,-122.30079650878906,893.2258911132812,24.747812271118164,False,True,1709535134.7661502,False,True,-0.00028369579386633426
-17.91214370727539,-3.940047025680542,2.5592827796936035,5.960012912750244,49.63161849975586,-10.896947860717773,-95.68785858154297,141.3031005859375,20.076406478881836,-1.3595664501190186,0.3011129020014778,47.49434280395508,-122.30059051513672,889.6968994140625,24.076406478881836,False,True,1709535135.067377,False,True,-0.00026855875754117076
-18.2778377532959,-4.102644920349121,1.5018908977508545,0.533962607383728,49.64021301269531,-10.433249473571777,-95.83394622802734,144.6143798828125,19.526227951049805,-1.8891476392745972,0.30124408804113045,47.494606018066406,-122.3003921508789,886.3856201171875,23.526227951049805,False,True,1709535135.368753,False,True,-0.00025666136382551663
-18.03459930419922,-3.3299615383148193,0.13912728428840637,-5.288461208343506,49.376502990722656,-10.370553016662598,-96.10997009277344,147.8994140625,18.896163940429688,-2.4702584743499756,0.3035934770014137,47.494876861572266,-122.30018615722656,883.1005859375,22.896163940429688,False,True,1709535135.6724632,False,True,-0.00024293343937387135
-14.747103691101074,-2.72314453125,-0.7204118371009827,-10.110823631286621,48.94559860229492,-10.539398193359375,-96.47221374511719,151.05377197265625,18.14562225341797,-3.34521746635437,0.3010696499841288,47.49513244628906,-122.29999542236328,879.9462280273438,22.14562225341797,False,True,1709535135.973646,False,True,-0.00022648254906887377
-11.371952056884766,-2.628610610961914,-1.830901861190796,-14.140113830566406,48.219303131103516,-10.936270713806152,-96.97552490234375,154.459716796875,17.249242782592773,-3.454575777053833,0.3048188420361839,47.49540710449219,-122.29979705810547,876.540283203125,21.249242782592773,False,True,1709535136.2786112,False,True,-0.00020724059003640605
-11.613777160644531,-4.155378341674805,-3.0669727325439453,-17.542049407958984,47.25649642944336,-11.469025611877441,-97.57457733154297,157.98797607421875,16.585468292236328,-2.8743603229522705,0.30611246899934486,47.49567794799805,-122.29959869384766,873.0120239257812,20.585468292236328,False,True,1709535136.584834,False,True,-0.00019398429854122767
-11.062429428100586,-6.403716087341309,-4.872992515563965,-21.065282821655273,46.35163116455078,-12.233694076538086,-98.12162017822266,161.58837890625,16.287351608276367,-3.2835779190063477,0.3009560530190356,47.495941162109375,-122.2994155883789,869.41162109375,20.287351608276367,False,True,1709535136.8858979,False,True,-0.00018918699628711622
-6.2386274337768555,-4.5765838623046875,-7.078284740447998,-23.84126091003418,45.53907012939453,-13.81287956237793,-98.60352325439453,165.73828125,15.954326629638672,-3.6348142623901367,0.3064649269799702,47.496219635009766,-122.29922485351562,865.26171875,19.954326629638672,False,True,1709535137.192496,False,True,-0.00018391799493056027
-3.048635244369507,-0.237210214138031,-8.11971378326416,-24.981698989868164,44.79841232299805,-15.694184303283691,-99.04369354248047,170.22528076171875,15.241132736206055,-3.696838855743408,0.30095216998597607,47.49648666381836,-122.29904174804688,860.7747192382812,19.241132736206055,False,True,1709535137.4935904,False,True,-0.00017059208760450417
-5.3622822761535645,5.196749210357666,-7.968080520629883,-26.011655807495117,43.83946990966797,-17.488340377807617,-99.59796142578125,175.38958740234375,13.942544937133789,-3.1423726081848145,0.30718571500619873,47.496761322021484,-122.29886627197266,855.6104125976562,17.94254493713379,False,True,1709535137.8009157,False,True,-0.00014602022939880221
-5.844545841217041,9.856995582580566,-6.215880393981934,-27.574954986572266,42.51321029663086,-18.68682289123535,-100.33900451660156,180.8155517578125,12.261333465576172,-1.3944225311279297,0.3010826620156877,47.49702835083008,-122.29869842529297,850.1844482421875,16.261333465576172,False,True,1709535138.1021078,False,True,-0.00011622894354790247
-6.413844585418701,10.445565223693848,-3.4284849166870117,-29.227760314941406,40.62437438964844,-18.826038360595703,-101.42345428466797,186.71295166015625,10.570915222167969,0.011296037584543228,0.3009098750189878,47.497310638427734,-122.29853057861328,844.2870483398438,14.570915222167969,False,True,1709535138.4031713,False,True,-8.949779690869963e-05
-6.175594806671143,6.344635486602783,-1.0257121324539185,-31.22489356994629,38.28059387207031,-18.033241271972656,-102.64092254638672,192.39593505859375,9.338869094848633,1.059918999671936,0.30188647302566096,47.49759292602539,-122.29837036132812,838.6040649414062,13.338869094848633,False,True,1709535138.7051697,False,True,-7.232870530682334e-05
-1.6492629051208496,-0.7034910917282104,-0.0894908756017685,-32.440696716308594,35.781951904296875,-16.939395904541016,-103.74488067626953,197.65087890625,9.343079566955566,2.1558001041412354,0.3018672749749385,47.497867584228516,-122.29822540283203,833.34912109375,13.343079566955566,False,True,1709535139.007141,False,True,-7.360076702134233e-05
1.6160993576049805,-3.891505718231201,-0.38383516669273376,-32.3217887878418,33.6025390625,-16.15800666809082,-104.68897247314453,202.711181640625,10.397638320922852,2.5296735763549805,0.3012907649972476,47.49815368652344,-122.29808807373047,828.288818359375,14.397638320922852,False,True,1709535139.3085659,False,True,-9.116556068033965e-05
0.5621050000190735,-2.152926206588745,-0.8985899686813354,-31.912487030029297,32.0803108215332,-15.984354019165039,-105.38359832763672,207.54595947265625,11.527264595031738,1.8204736709594727,0.30090054497122765,47.498435974121094,-122.29795837402344,823.4540405273438,15.527264595031738,False,True,1709535139.6095686,False,True,-0.00011214240062562553
-0.1384226679801941,-1.7918778657913208,-1.0623208284378052,-31.94523048400879,30.752742767333984,-16.028987884521484,-105.98754119873047,212.38262939453125,12.179224014282227,1.5730705261230469,0.301354983006604,47.498722076416016,-122.29783630371094,818.6173706054688,16.179224014282227,False,True,1709535139.9110277,False,True,-0.0001261425950458417
1.7620813846588135,-4.28782844543457,-1.5915921926498413,-31.749244689941406,29.58165740966797,-16.109861373901367,-106.51839447021484,217.2977294921875,13.037849426269531,1.0416587591171265,0.3016295409761369,47.4990119934082,-122.29771423339844,813.7022705078125,17.03784942626953,False,True,1709535140.2128036,False,True,-0.00014547788963958919
3.43977427482605,-3.0578269958496094,-2.70294189453125,-30.96748924255371,29.000812530517578,-16.62566566467285,-106.84681701660156,222.2919921875,13.684314727783203,-1.4646861553192139,0.30374563997611403,47.499305725097656,-122.29759979248047,808.7080078125,17.684314727783203,False,True,1709535140.5166547,False,True,-0.0001617402821835201
6.026979923248291,-2.3781144618988037,-3.6934707164764404,-29.508058547973633,28.539640426635742,-17.326147079467773,-107.15231323242188,227.4915771484375,13.278085708618164,-3.7369697093963623,0.30374283000128344,47.499595642089844,-122.2974853515625,803.5084228515625,17.278085708618164,False,True,1709535140.820509,False,True,-0.00015526253645026244
8.606894493103027,-2.6335010528564453,-5.00134801864624,-27.28626251220703,28.076032638549805,-18.123371124267578,-107.47281646728516,232.6890869140625,12.502815246582031,-5.145804405212402,0.3010963289998472,47.4998779296875,-122.29737854003906,798.3109130859375,16.50281524658203,False,True,1709535141.1217272,False,True,-0.00014096994934020834
11.803309440612793,-1.1129872798919678,-6.403489589691162,-23.796024322509766,27.6994571685791,-19.22382926940918,-107.76435852050781,238.77490234375,10.96546459197998,-7.191288948059082,0.3081562129664235,47.50019073486328,-122.29725646972656,792.22509765625,14.96546459197998,False,True,1709535141.4300306,False,True,-0.00011265428034112901
14.371835708618164,3.0496740341186523,-7.131432056427002,-19.376338958740234,27.296049118041992,-20.436046600341797,-108.0268325805664,244.98980712890625,8.52427864074707,-8.874588966369629,0.3064102019998245,47.50049591064453,-122.2971420288086,786.0101928710938,12.52427864074707,False,True,1709535141.7365606,False,True,-7.266511234660378e-05
13.04132080078125,5.1908111572265625,-6.685826778411865,-14.747678756713867,26.564395904541016,-21.17586898803711,-108.48193359375,251.35723876953125,5.430843353271484,-9.478633880615234,0.30390486400574446,47.500789642333984,-122.29703521728516,779.6427612304688,9.430843353271484,False,True,1709535142.040608,False,True,-3.3781078283334764e-05
6.706820011138916,2.555094003677368,-6.000761985778809,-11.242576599121094,25.405277252197266,-21.153709411621094,-109.15119171142578,257.865478515625,2.358142375946045,-8.61223316192627,0.3059200549614616,47.5010871887207,-122.29693603515625,773.134521484375,6.358142375946045,False,True,1709535142.3466742,False,True,-9.464359058686256e-06
0.9293780326843262,1.2311580181121826,-6.031036853790283,-9.992538452148438,23.935190200805664,-21.07874298095703,-109.82559204101562,264.2744140625,0.1308727264404297,-5.619858741760254,0.30169654299970716,47.50138854980469,-122.29683685302734,766.7255859375,4.13087272644043,False,True,1709535142.6485043,False,True,-1.166309270939081e-06
0.4635218381881714,0.7682566046714783,-5.845116138458252,-9.811018943786621,22.483417510986328,-21.058134078979492,-110.4439468383789,270.71240234375,1.1886000633239746,-2.9936535358428955,0.30373377399519086,47.501686096191406,-122.29674530029297,760.28759765625,2.8113999366760254,False,True,1709535142.9523563,False,True,-4.5945040327843856e-08
-0.037858594208955765,-3.475221633911133,-6.236496448516846,-9.564114570617676,21.091602325439453,-20.78791046142578,-111.05303955078125,276.9239501953125,1.7334861755371094,-1.1293630599975586,0.3010304599883966,47.501983642578125,-122.29666137695312,754.0760498046875,2.2665138244628906,False,True,1709535143.2535002,False,True,-4.1136682138454006e-07
-2.973870038986206,-8.267692565917969,-8.085960388183594,-10.121820449829102,19.61002540588379,-20.8553466796875,-111.63357543945312,283.33453369140625,1.369338035583496,1.6448278427124023,0.30290510499617085,47.502288818359375,-122.29657745361328,747.6654663085938,2.630661964416504,False,True,1709535143.5565236,False,True,-9.46392676448582e-08
-1.0072652101516724,-7.764345169067383,-10.444408416748047,-11.144659996032715,18.39828109741211,-22.04652976989746,-111.99976348876953,289.7645263671875,0.13965606689453125,5.033568859100342,0.3009062589844689,47.502593994140625,-122.2965087890625,741.2354736328125,4.139656066894531,False,True,1709535143.8575518,False,True,-1.4829765563328934e-06
1.8410284519195557,-4.833407402038574,-11.913681030273438,-11.322775840759277,17.61717987060547,-23.933324813842773,-112.27448272705078,296.778076171875,2.426443099975586,7.281559467315674,0.30287182301981375,47.502899169921875,-122.29643249511719,734.221923828125,6.426443099975586,False,True,1709535144.160568,False,True,-1.1901431696603737e-05
0.8269091844558716,-4.478725433349609,-12.762452125549316,-11.430946350097656,17.29383659362793,-25.738908767700195,-112.53736114501953,304.0469970703125,4.942705154418945,7.640094757080078,0.30235080601414666,47.50319290161133,-122.29637145996094,726.9530029296875,8.942705154418945,False,True,1709535144.4631367,False,True,-3.5488319726995066e-05
1.5609519481658936,-1.4677995443344116,-13.319178581237793,-11.672740936279297,17.31814956665039,-27.93130874633789,-112.70946502685547,312.55810546875,7.521238327026367,7.496030807495117,0.30144565599039197,47.50351333618164,-122.29630279541016,718.44189453125,11.521238327026367,False,True,1709535144.764753,False,True,-7.390463041423434e-05
6.274512767791748,-1.212504506111145,-13.166054725646973,-11.187285423278809,17.601604461669922,-29.61515998840332,-112.88568878173828,321.1285400390625,9.774465560913086,6.760223865509033,0.3010650690412149,47.503814697265625,-122.29623413085938,709.8714599609375,13.774465560913086,False,True,1709535145.0659258,False,True,-0.0001204936052785488
13.143243789672852,1.2608587741851807,-12.98919677734375,-8.660468101501465,18.111330032348633,-31.13626480102539,-113.01153564453125,330.05902099609375,11.605315208435059,5.753252029418945,0.3019552350160666,47.504112243652344,-122.2961654663086,700.9409790039062,15.605315208435059,False,True,1709535145.3679888,False,True,-0.00016893672014961503
15.617155075073242,2.287271022796631,-12.003165245056152,-4.425631999969482,18.680164337158203,-32.12085723876953,-113.30085754394531,339.91571044921875,13.374357223510742,6.038604259490967,0.30099156603682786,47.50442886352539,-122.29608917236328,691.0842895507812,17.374357223510742,False,True,1709535145.6691353,False,True,-0.00022592364245432872
13.573572158813477,2.1916513442993164,-11.331408500671387,-0.26377126574516296,19.643070220947266,-32.505470275878906,-113.64346313476562,349.763916015625,15.137575149536133,5.089231491088867,0.30156859097769484,47.504737854003906,-122.2960205078125,681.236083984375,19.137575149536133,False,True,1709535145.9708111,False,True,-0.0002929641305290387
8.966822624206543,3.065664052963257,-10.534048080444336,2.8875701427459717,21.0706729888916,-32.58433532714844,-113.85337829589844,359.54937744140625,16.25193214416504,1.8465750217437744,0.3017605910426937,47.505043029785156,-122.29593658447266,671.4506225585938,20.25193214416504,False,True,1709535146.2727,False,True,-0.00034513459452667483
7.313158988952637,4.777653694152832,-9.349562644958496,5.2872724533081055,22.81113624572754,-32.2178955078125,-114.05628967285156,369.436767578125,16.242172241210938,-2.449089288711548,0.3009952590218745,47.50535583496094,-122.29585266113281,661.563232421875,20.242172241210938,False,True,1709535146.5737984,False,True,-0.00035667308580522583
7.986802577972412,7.63431453704834,-7.360536575317383,7.649494647979736,24.474485397338867,-31.30483627319336,-114.41255950927734,379.01214599609375,15.226064682006836,-5.183219909667969,0.30149220797466114,47.50566482543945,-122.29576110839844,651.9878540039062,19.226064682006836,False,True,1709535146.8754282,False,True,-0.000327694738229134
11.52009391784668,11.121193885803223,-4.141622066497803,10.807929039001465,26.030574798583984,-29.56637191772461,-114.93083190917969,388.636474609375,13.990827560424805,-5.415550708770752,0.3053251199889928,47.50598907470703,-122.295654296875,642.363525390625,17.990827560424805,False,True,1709535147.180856,False,True,-0.000290907518297967
13.984251976013184,9.402711868286133,-0.530188262462616,14.793373107910156,27.721332550048828,-26.917207717895508,-115.40499877929688,397.296142578125,13.144609451293945,-5.344788551330566,0.30412260099546984,47.50630569458008,-122.29554748535156,633.703857421875,17.144609451293945,False,True,1709535147.485122,False,True,-0.0002684024727019896
12.055245399475098,7.476313591003418,2.2706308364868164,18.8914852142334,29.585886001586914,-24.02312660217285,-115.70925903320312,405.0157470703125,12.208086013793945,-5.9003705978393555,0.3032087829778902,47.50661849975586,-122.2954330444336,625.9842529296875,16.208086013793945,False,True,1709535147.788468,False,True,-0.0002421663775122873
4.7263970375061035,4.160256862640381,4.652883529663086,21.444721221923828,31.42407989501953,-20.814395904541016,-115.86053466796875,411.867919921875,11.225137710571289,-5.2144951820373535,0.30411263299174607,47.506935119628906,-122.2953109741211,619.132080078125,15.225137710571289,False,True,1709535148.092715,False,True,-0.00021439993732341733
-5.703530788421631,-0.7346630096435547,5.567124366760254,21.242849349975586,33.05725860595703,-17.54376792907715,-115.84349822998047,417.631591796875,10.132713317871094,-3.9880754947662354,0.3014380099484697,47.50724792480469,-122.2951889038086,613.368408203125,14.132713317871094,False,True,1709535148.3942838,False,True,-0.0001835260898209734
-13.270257949829102,-5.349548816680908,5.09607458114624,18.007078170776367,34.403690338134766,-14.564745903015137,-115.73503112792969,422.4755859375,8.725194931030273,-3.912048578262329,0.3010937450453639,47.50756072998047,-122.29505157470703,608.5244140625,12.725194931030273,False,True,1709535148.6955087,False,True,-0.00014501597188709692
-19.465869903564453,-6.407771110534668,3.520672082901001,12.776016235351562,34.99427032470703,-12.323023796081543,-115.76146697998047,426.743408203125,7.051486968994141,-3.3189682960510254,0.30639241397148,47.50789260864258,-122.29490661621094,604.256591796875,11.05148696899414,False,True,1709535149.0020528,False,True,-0.00010381773632384128
-22.360898971557617,-3.1649370193481445,2.1465466022491455,6.049035549163818,34.83982849121094,-11.125248908996582,-115.97500610351562,430.362060546875,5.927638053894043,-2.3502883911132812,0.30219897598726675,47.50821304321289,-122.29476928710938,600.637939453125,9.927638053894043,False,True,1709535149.3044,False,True,-8.000512459793718e-05
-18.487102508544922,-2.563197374343872,1.4564207792282104,0.03343931958079338,34.351524353027344,-10.229026794433594,-116.28032684326172,433.46630859375,5.30171012878418,-1.769843578338623,0.30130916699999943,47.508514404296875,-122.29463958740234,597.53369140625,9.30171012878418,False,True,1709535149.6058607,False,True,-6.830841865401727e-05
-15.822423934936523,0.7023835778236389,0.9597508907318115,-5.379276752471924,33.42229461669922,-9.600653648376465,-116.6900863647461,436.726806640625,4.876673698425293,-0.9559856653213501,0.30266547901555896,47.50885772705078,-122.29449462890625,594.273193359375,8.876673698425293,False,True,1709535149.9086814,False,True,-6.114861488093482e-05
-12.785813331604004,2.32928466796875,1.619118332862854,-9.853549003601074,32.18550491333008,-8.887740135192871,-117.10090637207031,439.5810546875,4.708805084228516,0.7485406398773193,0.30383213999448344,47.509178161621094,-122.29435729980469,591.4189453125,8.708805084228516,False,True,1709535150.2126215,False,True,-5.8830403039333845e-05
-10.342536926269531,-3.1258316040039062,1.726641058921814,-13.158308982849121,30.740571975708008,-7.644747257232666,-117.47196960449219,442.0892333984375,5.1925458908081055,2.1855459213256836,0.30147071299143136,47.50949478149414,-122.29423522949219,588.9107666015625,9.192545890808105,False,True,1709535150.514199,False,True,-6.880660992525378e-05
-9.940401077270508,-7.229207515716553,0.30905377864837646,-16.201250076293945,29.318788528442383,-6.9853515625,-117.8158950805664,444.28009033203125,6.478006362915039,3.9088687896728516,0.3034925480023958,47.50981140136719,-122.29412078857422,586.7199096679688,10.478006362915039,False,True,1709535150.8177958,False,True,-9.770621283033964e-05
-9.720827102661133,-9.842591285705566,-1.7497888803482056,-19.323890686035156,28.049135208129883,-7.427403926849365,-118.10808563232422,446.52020263671875,8.93323802947998,7.062887668609619,0.30691098602255806,47.5101432800293,-122.29400634765625,584.4797973632812,12.93323802947998,False,True,1709535151.1248333,False,True,-0.00016645487491473432
-9.015092849731445,-9.252039909362793,-3.6102828979492188,-22.321168899536133,27.60496711730957,-9.008064270019531,-118.2195053100586,448.9906005859375,12.21291732788086,8.405169486999512,0.30172727804165334,47.510459899902344,-122.29389190673828,582.0093994140625,16.21291732788086,False,True,1709535151.4267137,False,True,-0.00028729333245891553
-5.490461826324463,-4.686247825622559,-4.757848262786865,-24.82730484008789,28.116687774658203,-11.44742488861084,-118.07683563232422,452.2061767578125,15.334049224853516,6.5127081871032715,0.3022209799964912,47.51079177856445,-122.29377746582031,578.7938232421875,19.334049224853516,False,True,1709535151.7291229,False,True,-0.0004354741995339362
-5.706262588500977,3.4797446727752686,-4.272783279418945,-26.50031280517578,28.953990936279297,-14.090611457824707,-117.76382446289062,456.06573486328125,16.898799896240234,4.381972312927246,0.30185654695378616,47.511112213134766,-122.29367065429688,574.9342651367188,20.898799896240234,False,True,1709535152.031089,False,True,-0.0005266203315403839
-2.7250759601593018,11.160330772399902,-1.7511992454528809,-27.998233795166016,29.630189895629883,-15.833925247192383,-117.55523681640625,460.74761962890625,16.589235305786133,1.2726445198059082,0.30555453401757404,47.511436462402344,-122.29354858398438,570.2523803710938,20.589235305786133,False,True,1709535152.3367724,False,True,-0.0005187295854467422
6.658684253692627,11.372511863708496,1.3931658267974854,-27.500751495361328,29.467153549194336,-15.737752914428711,-117.72125244140625,465.55242919921875,14.83316421508789,-1.643259882926941,0.3015996370231733,47.51175308227539,-122.2934341430664,565.4475708007812,18.83316421508789,False,True,1709535152.6384768,False,True,-0.00043260851128212874
13.052726745605469,10.943222999572754,3.9350860118865967,-24.29437255859375,28.669322967529297,-14.419990539550781,-118.08267211914062,470.23297119140625,12.567617416381836,-4.1698808670043945,0.30593884200789034,47.512081146240234,-122.29331970214844,560.7670288085938,16.567617416381836,False,True,1709535152.9445217,False,True,-0.0003291332597032959
12.007376670837402,9.367674827575684,6.394649028778076,-20.652544021606445,27.39927101135254,-12.189750671386719,-118.51823425292969,474.31536865234375,9.921932220458984,-5.282253265380859,0.3046104360255413,47.51240158081055,-122.29320526123047,556.6846313476562,13.921932220458984,False,True,1709535153.2492435,False,True,-0.00022312710730409968
12.324734687805176,6.27867317199707,8.045395851135254,-17.305574417114258,25.917423248291016,-9.267292976379395,-118.87003326416016,477.645751953125,7.530561447143555,-5.87017822265625,0.307358299032785,47.512733459472656,-122.29309844970703,553.354248046875,11.530561447143555,False,True,1709535153.556712,False,True,-0.00014375946039180132
14.933683395385742,7.1034440994262695,9.355188369750977,-13.563807487487793,24.635433197021484,-6.5373215675354,-119.01443481445312,480.01287841796875,5.197369575500488,-6.562649250030518,0.3010055440245196,47.51305389404297,-122.29299926757812,550.9871215820312,9.197369575500488,False,True,1709535153.8578377,False,True,-8.209261684277713e-05
13.063206672668457,6.4694390296936035,11.103368759155273,-9.63815975189209,23.33433723449707,-3.6543846130371094,-119.02542114257812,481.55322265625,2.792539119720459,-6.386353492736816,0.31048814801033586,47.513370513916016,-122.29290771484375,549.44677734375,6.792539119720459,False,True,1709535154.1684513,False,True,-3.6002763560749607e-05
8.676247596740723,-0.609897255897522,11.795174598693848,-6.716822147369385,21.89337158203125,-0.17374321818351746,-118.79815673828125,482.1572265625,0.7673659324645996,-5.3101654052734375,0.3015126799582504,47.513710021972656,-122.29281616210938,548.8427734375,4.7673659324646,False,True,1709535154.4701242,False,True,-1.1579572734898846e-05
3.818624496459961,-5.539248466491699,10.576215744018555,-4.975436210632324,20.423255920410156,2.7088656425476074,-118.42623138427734,481.74053955078125,0.41097140312194824,-2.503244638442993,0.3020875650108792,47.5140380859375,-122.292724609375,549.2594604492188,3.5890285968780518,False,True,1709535154.772337,False,True,-3.5525884471976354e-06
-2.1319358348846436,-8.538830757141113,8.405097961425781,-4.708696365356445,19.124116897583008,4.458693027496338,-118.09559631347656,480.6417236328125,0.4875028133392334,0.4307345151901245,0.30117416800931096,47.51435852050781,-122.29264831542969,550.3582763671875,3.5124971866607666,False,True,1709535155.0736144,False,True,-3.16041342340867e-06
-9.012272834777832,-11.5287446975708,5.369424819946289,-6.407175064086914,17.937658309936523,4.942678451538086,-117.84036254882812,479.1649169921875,0.3614845275878906,3.4079432487487793,0.30718026601243764,47.514686584472656,-122.2925796508789,551.8350830078125,4.361484527587891,False,True,1709535155.3809078,False,True,-8.124580388235714e-06
-9.232550621032715,-13.385891914367676,1.8619595766067505,-9.195353507995605,17.138195037841797,4.030249118804932,-117.72720336914062,477.81561279296875,2.2641100883483887,5.536083221435547,0.30116394301876426,47.51499938964844,-122.29251098632812,553.1843872070312,6.264110088348389,False,True,1709535155.6822035,False,True,-2.7732384552892064e-05
-9.095160484313965,-10.206069946289062,-1.6129621267318726,-11.872379302978516,17.025720596313477,1.5058552026748657,-117.68279266357422,476.9364013671875,4.587017059326172,4.937070846557617,0.3020143109606579,47.515323638916016,-122.29244232177734,554.0635986328125,8.587017059326172,False,True,1709535155.9843464,False,True,-6.750949009948215e-05
-7.673986911773682,-0.6578235030174255,-2.9946556091308594,-14.590723991394043,17.481523513793945,-1.8650107383728027,-117.56341552734375,477.00408935546875,6.0903520584106445,2.5542707443237305,0.3010007740231231,47.5156364440918,-122.29237365722656,553.9959106445312,10.090352058410645,False,True,1709535156.2854943,False,True,-0.00010273137558891587
-0.8655135035514832,5.1521759033203125,-1.898129940032959,-15.993138313293457,17.814905166625977,-4.625594615936279,-117.4857177734375,478.07550048828125,6.211493492126465,0.6017290949821472,0.30082296999171376,47.51596450805664,-122.29230499267578,552.9244995117188,10.211493492126465,False,True,1709535156.5864713,False,True,-0.000106408216749454
2.732801675796509,7.934135913848877,0.0967540442943573,-15.446701049804688,17.57782745361328,-6.228511810302734,-117.55078887939453,479.8194580078125,5.875052452087402,1.1273982524871826,0.3018238899530843,47.51629638671875,-122.292236328125,551.1805419921875,9.875052452087402,False,True,1709535156.8884509,False,True,-9.851220585721521e-05
5.358742713928223,12.525032997131348,3.1552417278289795,-14.308667182922363,17.138500213623047,-6.693675994873047,-117.67362213134766,481.83056640625,5.525853157043457,1.6256422996520996,0.3009771479992196,47.51662063598633,-122.29216766357422,549.16943359375,9.525853157043457,False,True,1709535157.1895733,False,True,-9.067412558849686e-05
10.186925888061523,13.98190975189209,7.360686779022217,-12.030333518981934,16.464521408081055,-5.554585933685303,-117.772216796875,483.718505859375,5.109901428222656,2.151864767074585,0.3006028200034052,47.516937255859375,-122.29209899902344,547.281494140625,9.109901428222656,False,True,1709535157.4902885,False,True,-8.149434832893654e-05
13.737031936645508,7.186529159545898,10.820001602172852,-8.33068561553955,15.671469688415527,-2.7830262184143066,-117.65609741210938,485.01165771484375,5.241133689880371,2.8966808319091797,0.3020521419821307,47.51725769042969,-122.29203796386719,545.9883422851562,9.241133689880371,False,True,1709535157.7924597,False,True,-8.510363284630618e-05
14.887275695800781,2.3363418579101562,12.08325481414795,-3.8554325103759766,15.297656059265137,0.010063394904136658,-117.33796691894531,485.40087890625,6.044013023376465,3.2202630043029785,0.3012541859643534,47.51757049560547,-122.29197692871094,545.59912109375,10.044013023376465,False,True,1709535158.0938475,False,True,-0.00010554958026864902
15.850954055786133,-1.992167353630066,12.289247512817383,1.1083101034164429,15.342085838317871,2.8438620567321777,-116.80625915527344,484.9515380859375,7.112086296081543,3.787076234817505,0.306903610995505,47.51789855957031,-122.29191589355469,546.0484619140625,11.112086296081543,False,True,1709535158.4008927,False,True,-0.0001356153252617398
15.693653106689453,-3.774984359741211,11.142196655273438,6.148176193237305,15.80449104309082,4.9417572021484375,-116.23186492919922,483.7703857421875,8.304741859436035,4.427473545074463,0.301691424974706,47.518211364746094,-122.29185485839844,547.2296142578125,12.304741859436035,False,True,1709535158.7027187,False,True,-0.0001730420080463535
10.356013298034668,-3.348436117172241,9.863678932189941,10.6183500289917,16.807233810424805,6.306056499481201,-115.6432113647461,481.95501708984375,9.50323486328125,3.670037269592285,0.30650857399450615,47.5185432434082,-122.29178619384766,549.0449829101562,13.50323486328125,False,True,1709535159.0093758,False,True,-0.00021446083928799986
7.419537544250488,0.0549408383667469,9.10496711730957,13.191535949707031,18.092187881469727,6.810048580169678,-115.12126159667969,479.9808349609375,10.1159029006958,1.134223461151123,0.3012858729925938,47.51885223388672,-122.29171752929688,551.0191650390625,14.1159029006958,False,True,1709535159.3107681,False,True,-0.00023617080305171623
4.199065208435059,7.681732177734375,10.217132568359375,15.141796112060547,19.391693115234375,6.96999454498291,-114.57614135742188,477.8931884765625,10.341499328613281,-1.3692090511322021,0.30218567099655047,47.519168853759766,-122.2916488647461,553.1068115234375,14.341499328613281,False,True,1709535159.613089,False,True,-0.0002429768296011714
-1.5882707834243774,11.08625316619873,13.349846839904785,15.537643432617188,20.669891357421875,7.985019683837891,-113.86585998535156,475.66168212890625,10.551368713378906,-2.469489097595215,0.30353575805202127,47.51947784423828,-122.29156494140625,555.3383178710938,14.551368713378906,False,True,1709535159.91673,False,True,-0.0002490434436562827
-7.005186557769775,7.135622024536133,16.16353988647461,14.308768272399902,21.80042839050293,10.00449275970459,-112.96839141845703,473.11199951171875,10.623847007751465,-2.0583205223083496,0.301880054990761,47.519771575927734,-122.29148864746094,557.8880004882812,14.623847007751465,False,True,1709535160.2187164,False,True,-0.00024927012386732894
-9.323495864868164,-2.247934341430664,17.124040603637695,11.317142486572266,22.927255630493164,12.793505668640137,-111.68094635009766,469.372314453125,10.230670928955078,-1.7702287435531616,0.3059010010329075,47.520103454589844,-122.29138946533203,561.627685546875,14.230670928955078,False,True,1709535160.5248392,False,True,-0.00023013907025393188
-7.989217281341553,-9.522856712341309,15.366358757019043,8.466588020324707,23.667381286621094,14.790203094482422,-110.5940170288086,465.21270751953125,9.282243728637695,-2.286367654800415,0.3008724660030566,47.52040100097656,-122.29129791259766,565.7872924804688,13.282243728637695,False,True,1709535160.825815,False,True,-0.0001919399034399083
-10.188039779663086,-10.241972923278809,12.254782676696777,5.555161476135254,23.90264320373535,15.26888370513916,-109.94822692871094,460.61004638671875,8.17085075378418,-1.8996236324310303,0.3026445099967532,47.52070236206055,-122.29120635986328,570.3899536132812,12.17085075378418,False,True,1709535161.1285958,False,True,-0.00015236099335924624
-10.738523483276367,-3.519777774810791,10.036027908325195,2.0291056632995605,23.675765991210938,14.233295440673828,-109.67384338378906,455.97528076171875,7.752115249633789,0.5196600556373596,0.30098236398771405,47.52101135253906,-122.29110717773438,575.0247192382812,11.752115249633789,False,True,1709535161.4296873,False,True,-0.00013706075568398202
-7.519906520843506,-0.5749804973602295,9.608899116516113,-0.627859890460968,23.448583602905273,13.168926239013672,-109.453369140625,451.88873291015625,8.243597984313965,2.4532604217529297,0.3010989589965902,47.52130889892578,-122.291015625,579.1112670898438,12.243597984313965,False,True,1709535161.730921,False,True,-0.00014896550712351075
-1.9225950241088867,3.1168644428253174,9.887150764465332,-1.9772707223892212,23.302209854125977,12.138710975646973,-109.20051574707031,448.1015625,9.204028129577637,3.8436639308929443,0.3010048830183223,47.521602630615234,-122.29092407226562,582.8984375,13.204028129577637,False,True,1709535162.0320625,False,True,-0.00017615782396351864
2.856861114501953,4.810939788818359,11.342170715332031,-1.4588439464569092,23.304624557495117,11.667644500732422,-108.80474853515625,444.5322265625,10.431405067443848,4.078019142150879,0.30099139199592173,47.52190017700195,-122.29083251953125,586.4677734375,14.431405067443848,False,True,1709535162.3332002,False,True,-0.00021473591243847956
7.4195075035095215,1.1728806495666504,12.271608352661133,0.27349841594696045,23.543169021606445,11.994178771972656,-108.19944763183594,440.95025634765625,11.501782417297363,2.7940361499786377,0.3098573359893635,47.52219772338867,-122.29073333740234,590.0497436523438,15.501782417297363,False,True,1709535162.6431744,False,True,-0.00025059083229528323
8.356836318969727,1.3897978067398071,12.468805313110352,3.124922037124634,23.849369049072266,12.195137023925781,-107.59152221679688,437.13885498046875,12.26797866821289,2.2529735565185547,0.30124642298324034,47.52250289916992,-122.29064178466797,593.8611450195312,16.26797866821289,False,True,1709535162.944572,False,True,-0.00027630654700272483
5.779458522796631,1.0219508409500122,12.931363105773926,5.336259841918945,24.266191482543945,12.465004920959473,-106.93795776367188,433.51153564453125,12.945894241333008,1.7106151580810547,0.3010499539668672,47.522789001464844,-122.29054260253906,597.4884643554688,16.945894241333008,False,True,1709535163.2457469,False,True,-0.00029951665058602917
2.0886287689208984,-0.5375963449478149,12.936323165893555,6.6459784507751465,24.92809295654297,12.7648286819458,-106.12806701660156,429.6248779296875,13.186792373657227,-0.4072362780570984,0.30136056896299124,47.5230827331543,-122.29044342041016,601.3751220703125,17.186792373657227,False,True,1709535163.5472622,False,True,-0.00030485314276507136
0.29252973198890686,-2.312005043029785,12.543993949890137,6.782034873962402,25.543787002563477,12.960653305053711,-105.35318756103516,425.69317626953125,12.674398422241211,-2.140943765640259,0.3054039840353653,47.523372650146484,-122.29034423828125,605.3068237304688,16.67439842224121,False,True,1709535163.8527718,False,True,-0.0002799222967855286
2.9357171058654785,-4.379993915557861,11.618598937988281,6.961030006408691,26.05668067932129,12.911566734313965,-104.6751937866211,421.81231689453125,11.708067893981934,-3.580648899078369,0.3009910009568557,47.523658752441406,-122.29024505615234,609.1876831054688,15.708067893981934,False,True,1709535164.153866,False,True,-0.00023982145657641674
7.842933177947998,-2.3538265228271484,10.602621078491211,8.37967586517334,26.40328598022461,12.165536880493164,-104.15401458740234,417.94696044921875,10.225898742675781,-4.520700931549072,0.3063632479752414,47.52394485473633,-122.2901382446289,613.0530395507812,14.225898742675781,False,True,1709535164.4603796,False,True,-0.0001866766601094083
8.585704803466797,-1.2743728160858154,10.441017150878906,10.74353313446045,26.464099884033203,11.384139060974121,-103.77519226074219,414.4005126953125,8.916291236877441,-3.512136220932007,0.3040289400378242,47.52423095703125,-122.29003143310547,616.5994873046875,12.916291236877441,False,True,1709535164.764528,False,True,-0.0001456303634652656
10.265902519226074,0.15756773948669434,10.317605018615723,13.318451881408691,26.501928329467773,10.517946243286133,-103.4235610961914,411.11724853515625,7.957976341247559,-2.5116071701049805,0.30100648396182805,47.52450942993164,-122.28992462158203,619.8827514648438,11.957976341247559,False,True,1709535165.0656517,False,True,-0.00011873960619002144
10.375547409057617,4.664945602416992,11.236011505126953,16.622215270996094,26.48534393310547,9.576668739318848,-103.07908630371094,407.980712890625,7.648146629333496,-0.8737297058105469,0.3072992700035684,47.524803161621094,-122.2898178100586,623.019287109375,11.648146629333496,False,True,1709535165.3730705,False,True,-0.00010976059486089706
7.795835018157959,8.95711612701416,13.12446403503418,19.405460357666016,26.680736541748047,9.139091491699219,-102.65514373779297,405.29638671875,8.191537857055664,0.18773166835308075,0.3015405330224894,47.52507019042969,-122.28971862792969,625.70361328125,12.191537857055664,False,True,1709535165.67473,False,True,-0.00012174360610450741
1.7932299375534058,9.533329963684082,16.023666381835938,21.42282485961914,27.252445220947266,9.626296997070312,-101.90543365478516,402.28753662109375,9.649184226989746,1.7413451671600342,0.3054498150013387,47.52537155151367,-122.28960418701172,628.7124633789062,13.649184226989746,False,True,1709535165.9803522,False,True,-0.00015891940303991436
-5.564614295959473,8.79874038696289,18.308929443359375,21.331911087036133,28.083181381225586,10.609041213989258,-100.93865203857422,399.22637939453125,11.372467041015625,2.552809000015259,0.3037645029835403,47.5256462097168,-122.28948974609375,631.7736206054688,15.372467041015625,False,True,1709535166.2842762,False,True,-0.00020907694395300158
-10.087328910827637,4.971989154815674,20.039798736572266,19.43965721130371,28.99335289001465,11.97811222076416,-99.77965545654297,395.9244384765625,13.001249313354492,3.202705144882202,0.3010405339882709,47.52591323852539,-122.28938293457031,635.0755615234375,17.001249313354492,False,True,1709535166.585432,False,True,-0.0002618643387836128
-10.220930099487305,2.1112313270568848,20.569700241088867,16.67008399963379,29.86316680908203,13.442258834838867,-98.50088500976562,391.9449462890625,14.428936004638672,3.7085423469543457,0.30670232902048156,47.52619171142578,-122.28926086425781,639.0550537109375,18.428936004638672,False,True,1709535166.8922539,False,True,-0.00031126678646653527
-10.168172836303711,-0.4847376048564911,20.611186981201172,14.089706420898438,30.62539291381836,14.780786514282227,-97.237060546875,387.7264404296875,15.656517028808594,3.374422311782837,0.300969093979802,47.52645492553711,-122.28913879394531,643.2735595703125,19.656517028808594,False,True,1709535167.1933436,False,True,-0.00035559399683016135
-11.987410545349121,-1.6664601564407349,19.93271827697754,11.019886016845703,31.2257080078125,15.798929214477539,-96.02719116210938,383.07177734375,16.472728729248047,2.6406962871551514,0.3028655730304308,47.5267219543457,-122.28901672363281,647.92822265625,20.472728729248047,False,True,1709535167.4963255,False,True,-0.00038384373138700134
-11.798253059387207,-2.1987881660461426,19.35456657409668,7.731473922729492,31.532541275024414,16.542163848876953,-95.02660369873047,378.40728759765625,17.216707229614258,2.959965944290161,0.3012642859830521,47.52696990966797,-122.28889465332031,652.5927124023438,21.216707229614258,False,True,1709535167.7977128,False,True,-0.00040956079931098177
-11.634017944335938,-1.9033362865447998,18.472150802612305,4.447623252868652,31.654926300048828,16.980016708374023,-94.07166290283203,373.07183837890625,18.290639877319336,3.908421516418457,0.3062003759550862,47.52724075317383,-122.28876495361328,657.9281616210938,22.290639877319336,False,True,1709535168.1040902,False,True,-0.00044961741624871543
-9.905960083007812,-2.9897091388702393,17.79880714416504,1.5186216831207275,31.77654266357422,17.185291290283203,-93.2379379272461,368.0362548828125,19.516704559326172,3.9415690898895264,0.30139673297526315,47.527488708496094,-122.28864288330078,662.9637451171875,23.516704559326172,False,True,1709535168.4056058,False,True,-0.0004985574249490865
-5.848252296447754,-3.0986053943634033,16.632081985473633,-0.6350195407867432,32.01540756225586,17.006013870239258,-92.41194152832031,362.5150146484375,20.65009307861328,2.807124376296997,0.3013325490173884,47.52775955200195,-122.28850555419922,668.4849853515625,24.65009307861328,False,True,1709535168.7071168,False,True,-0.0005437595056443367
-0.8715003728866577,1.28472101688385,16.313648223876953,-1.5264123678207397,32.3352165222168,16.328304290771484,-91.72992706298828,357.53521728515625,21.275753021240234,1.0077828168869019,0.30128068500198424,47.52800750732422,-122.28837585449219,673.4647827148438,25.275753021240234,False,True,1709535169.0085278,False,True,-0.0005655857403237263
4.081247329711914,4.640903472900391,17.30122947692871,-0.9705010056495667,32.59499740600586,15.830292701721191,-91.03917694091797,352.74603271484375,21.27744483947754,-0.5580056309700012,0.3009692879859358,47.52825164794922,-122.28824615478516,678.2539672851562,25.27744483947754,False,True,1709535169.3096118,False,True,-0.0005568048080700772
7.367773532867432,4.1795973777771,18.8037052154541,0.7122542262077332,32.78984069824219,15.893268585205078,-90.230712890625,347.86541748046875,20.87491226196289,-1.9964613914489746,0.3015467639779672,47.528507232666016,-122.28811645507812,683.1345825195312,24.87491226196289,False,True,1709535169.6112902,False,True,-0.000528664088805586
7.46901798248291,0.7799509167671204,19.543901443481445,2.759341239929199,32.9375114440918,16.329240798950195,-89.37022399902344,343.09051513671875,20.044326782226562,-3.1581315994262695,0.30183093599043787,47.52874755859375,-122.2879867553711,687.9094848632812,24.044326782226562,False,True,1709535169.9132354,False,True,-0.00048231562228251423
7.346756935119629,-3.509260416030884,19.143537521362305,4.70332670211792,33.023780822753906,16.799972534179688,-88.4725341796875,337.68341064453125,18.867748260498047,-3.3372342586517334,0.3074937359779142,47.52900695800781,-122.287841796875,693.3165893554688,22.867748260498047,False,True,1709535170.220889,False,True,-0.0004231561815710716
6.183745861053467,-4.217705249786377,17.99663734436035,6.412818908691406,33.059417724609375,16.780420303344727,-87.83806610107422,332.83880615234375,17.793149948120117,-2.8148274421691895,0.30144096101867035,47.52923583984375,-122.2877197265625,698.1611938476562,21.793149948120117,False,True,1709535170.5224354,False,True,-0.00037334019217971637
4.743159294128418,-4.112971782684326,16.83139991760254,7.773991107940674,33.136131286621094,16.370689392089844,-87.2148208618164,327.58319091796875,16.761878967285156,-2.6261067390441895,0.3060184250352904,47.52948760986328,-122.2875747680664,703.4168090820312,20.761878967285156,False,True,1709535170.8285732,False,True,-0.000328395293450523
2.1662702560424805,-4.729004383087158,15.611907958984375,8.584098815917969,33.291072845458984,15.711699485778809,-86.65676879882812,322.6910400390625,15.608844757080078,-3.5347940921783447,0.3009820849983953,47.529727935791016,-122.28744506835938,708.3089599609375,19.608844757080078,False,True,1709535171.1296694,False,True,-0.0002831705683278285
-0.057622279971838,-3.946262836456299,14.418269157409668,8.40548324584961,33.36449432373047,14.665674209594727,-86.22540283203125,317.85968017578125,14.082490921020508,-4.349071502685547,0.3024220470106229,47.52997589111328,-122.28730010986328,713.1403198242188,18.082490921020508,False,True,1709535171.4322119,False,True,-0.0002305225909294828
1.0045593976974487,-3.6322243213653564,13.484684944152832,8.130136489868164,33.26060485839844,13.504304885864258,-85.93576049804688,313.65118408203125,12.57284927368164,-4.211177349090576,0.30141604802338406,47.53020477294922,-122.28717041015625,717.3488159179688,16.57284927368164,False,True,1709535171.733748,False,True,-0.00018471056811708575
0.41285157203674316,-1.3999457359313965,12.803629875183105,8.175336837768555,32.95554733276367,12.15749454498291,-85.79387664794922,309.7763671875,11.317967414855957,-2.931931257247925,0.30305813398445025,47.53044128417969,-122.28704071044922,721.2236328125,15.317967414855957,False,True,1709535172.036909,False,True,-0.00015064025042588192
-0.009418163448572159,0.0513235405087471,12.8104829788208,7.9797282218933105,32.631980895996094,10.936095237731934,-85.67386627197266,306.34088134765625,10.637396812438965,-1.6660518646240234,0.30118308297824115,47.53067398071289,-122.28691101074219,724.6591186523438,14.637396812438965,False,True,1709535172.3381982,False,True,-0.00013314141993425732
-0.4385831356048584,1.2897708415985107,12.9901762008667,7.914040565490723,32.38833999633789,9.859288215637207,-85.53939819335938,303.202880859375,10.220579147338867,-1.1850438117980957,0.3025142509723082,47.530906677246094,-122.28678131103516,727.797119140625,14.220579147338867,False,True,1709535172.6408153,False,True,-0.00012259791677959875
-1.2365871667861938,1.7912712097167969,13.586615562438965,7.570713520050049,32.116493225097656,9.053446769714355,-85.37700653076172,300.3988037109375,10.057584762573242,-0.33654117584228516,0.30099567299475893,47.53113555908203,-122.28665161132812,730.6011962890625,14.057584762573242,False,True,1709535172.9419172,False,True,-0.00011797707545946334
-0.9424383044242859,1.0640841722488403,13.99252700805664,7.281131744384766,31.78375816345215,8.48209285736084,-85.13855743408203,297.7562255859375,10.225807189941406,1.1935365200042725,0.30659483798081055,47.5313720703125,-122.2865219116211,733.2437744140625,14.225807189941406,False,True,1709535173.2486281,False,True,-0.00012044750796269543
-2.0897276401519775,-0.8476545810699463,13.970142364501953,7.0280561447143555,31.513301849365234,8.149480819702148,-84.8624267578125,295.32891845703125,10.820394515991211,2.460947036743164,0.30097062996355817,47.53159713745117,-122.2863998413086,735.6710815429688,14.820394515991211,False,True,1709535173.5497868,False,True,-0.00013226865850823888
-2.3734612464904785,-1.1044639348983765,13.910123825073242,6.951304912567139,31.486316680908203,8.09976863861084,-84.81880950927734,294.96112060546875,10.931899070739746,2.5421178340911865,1.782437490997836,47.53163146972656,-122.28638458251953,736.0388793945312,14.931899070739746,False,True,1709535175.332344,False,True,-0.0001345776179800806
